id,gamedate,gametime,homeid,awayid
2022010001,2022-09-24,13:00:00,10,9
2022010002,2022-09-24,19:00:00,4,6
2022010003,2022-09-24,19:00:00,10,9
2022010004,2022-09-24,20:00:00,53,19
2022010005,2022-09-25,13:00:00,5,29
2022010006,2022-09-25,14:00:00,15,7
2022010007,2022-09-25,16:00:00,30,21
2022010008,2022-09-25,17:00:00,53,24
2022010009,2022-09-25,18:00:00,22,52
2022010010,2022-09-25,19:00:00,23,20
2022010011,2022-09-25,19:00:00,28,26
2022010012,2022-09-25,19:00:00,29,5
2022010013,2022-09-25,20:00:00,20,23
2022010014,2022-09-25,21:00:00,21,54
2022010015,2022-09-26,16:00:00,18,13
2022010016,2022-09-26,19:00:00,8,1
2022010017,2022-09-26,19:00:00,3,2
2022010018,2022-09-26,20:00:00,18,13
2022010019,2022-09-26,20:00:00,25,19
2022010020,2022-09-26,22:00:00,55,22
2022010021,2022-09-26,22:00:00,54,26
2022010022,2022-09-27,19:00:00,5,17
2022010023,2022-09-27,19:00:00,1,2
2022010024,2022-09-27,19:00:00,6,3
2022010025,2022-09-27,19:00:00,7,4
2022010026,2022-09-27,19:00:00,12,14
2022010027,2022-09-27,20:00:00,25,53
2022010028,2022-09-27,20:00:00,52,9
2022010029,2022-09-27,20:30:00,16,19
2022010030,2022-09-27,21:00:00,21,30
2022010031,2022-09-27,22:00:00,55,20
2022010032,2022-09-27,22:30:00,28,24
2022010034,2022-09-28,19:00:00,14,12
2022010033,2022-09-28,19:00:00,29,7
2022010035,2022-09-28,19:00:00,10,8
2022010036,2022-09-28,19:00:00,4,15
2022010037,2022-09-28,19:30:00,17,16
2022010038,2022-09-28,21:00:00,20,22
2022010039,2022-09-28,22:00:00,24,53
2022010040,2022-09-28,22:00:00,54,21
2022010041,2022-09-28,22:00:00,26,28
2022010042,2022-09-29,19:00:00,13,12
2022010044,2022-09-29,19:00:00,3,1
2022010045,2022-09-29,19:00:00,8,52
2022010043,2022-09-29,20:00:00,14,18
2022010046,2022-09-29,20:00:00,19,29
2022010047,2022-09-29,20:00:00,25,30
2022010048,2022-09-29,21:30:00,23,55
2022010049,2022-09-30,18:00:00,18,14
2022010050,2022-09-30,19:00:00,1,3
2022010051,2022-09-30,19:00:00,9,10
2022010052,2022-09-30,19:30:00,17,15
2022010053,2022-09-30,21:00:00,22,20
2022010054,2022-09-30,22:00:00,24,28
2022010055,2022-09-30,22:00:00,54,28
2022010056,2022-10-01,13:00:00,12,13
2022010057,2022-10-01,13:00:00,6,4
2022010058,2022-10-01,13:00:00,7,5
2022010059,2022-10-01,19:00:00,9,8
2022010060,2022-10-01,19:00:00,29,15
2022010061,2022-10-01,20:00:00,19,25
2022010062,2022-10-01,20:00:00,52,22
2022010063,2022-10-01,20:30:00,16,17
2022010064,2022-10-01,21:30:00,55,23
2022010065,2022-10-02,19:00:00,2,4
2022010066,2022-10-02,19:30:00,16,30
2022010067,2022-10-02,21:00:00,26,24
2022010107,2022-10-03,14:00:00,5814,18
2022010068,2022-10-03,19:00:00,1,6
2022010069,2022-10-03,19:00:00,12,29
2022010070,2022-10-03,19:00:00,8,10
2022010071,2022-10-03,19:30:00,17,5
2022010072,2022-10-03,20:00:00,25,21
2022010073,2022-10-03,21:00:00,20,55
2022010074,2022-10-03,21:00:00,22,23
2022010108,2022-10-04,14:00:00,5524,28
2022010075,2022-10-04,19:00:00,7,12
2022010076,2022-10-04,19:00:00,4,2
2022010077,2022-10-04,19:00:00,8,9
2022010078,2022-10-04,20:00:00,19,30
2022010079,2022-10-04,22:00:00,54,53
2022010080,2022-10-04,22:00:00,24,26
2022010081,2022-10-05,19:00:00,3,6
2022010082,2022-10-05,19:00:00,15,17
2022010083,2022-10-05,20:00:00,52,20
2022010084,2022-10-05,21:30:00,21,25
2022010085,2022-10-05,22:00:00,23,22
2022010086,2022-10-06,18:00:00,8,9
2022010087,2022-10-06,19:00:00,2,1
2022010089,2022-10-06,19:00:00,13,14
2022010088,2022-10-06,19:30:00,29,19
2022010090,2022-10-06,20:00:00,30,16
2022010091,2022-10-06,21:00:00,26,54
2022020001,2022-10-07,14:00:00,18,28
2022010092,2022-10-07,19:00:00,5,7
2022010093,2022-10-07,19:30:00,17,10
2022010094,2022-10-07,21:00:00,22,55
2022010095,2022-10-07,21:00:00,20,52
2022010096,2022-10-07,22:00:00,23,53
2022020002,2022-10-08,14:00:00,28,18
2022010106,2022-10-08,15:00:00,19,16
2022010097,2022-10-08,16:00:00,14,13
2022010098,2022-10-08,16:00:00,26,24
2022010100,2022-10-08,18:00:00,30,25
2022010099,2022-10-08,18:30:00,9,8
2022010101,2022-10-08,19:00:00,15,29
2022010102,2022-10-08,19:00:00,10,17
2022010103,2022-10-08,19:00:00,6,1
2022010104,2022-10-08,19:00:00,2,3
2022010105,2022-10-08,20:00:00,54,53
2022020003,2022-10-11,19:30:00,3,14
2022020004,2022-10-11,22:00:00,26,54
2022020005,2022-10-12,19:00:00,15,6
2022020006,2022-10-12,19:00:00,12,29
2022020007,2022-10-12,19:00:00,8,10
2022020008,2022-10-12,21:30:00,21,16
2022020009,2022-10-12,22:00:00,24,55
2022020010,2022-10-12,22:00:00,22,23
2022020011,2022-10-13,19:00:00,5,53
2022020012,2022-10-13,19:00:00,4,1
2022020013,2022-10-13,19:00:00,7,9
2022020014,2022-10-13,19:30:00,2,13
2022020015,2022-10-13,19:30:00,10,15
2022020017,2022-10-13,20:00:00,30,3
2022020016,2022-10-13,20:30:00,18,25
2022020018,2022-10-13,21:30:00,20,21
2022020019,2022-10-13,22:00:00,54,16
2022020020,2022-10-13,22:30:00,26,55
2022020021,2022-10-14,19:00:00,29,14
2022020022,2022-10-14,19:00:00,17,8
2022020023,2022-10-14,20:00:00,52,3
2022020024,2022-10-14,22:30:00,28,12
2022020025,2022-10-15,13:00:00,7,13
2022020026,2022-10-15,16:00:00,4,23
2022020027,2022-10-15,19:00:00,6,53
2022020028,2022-10-15,19:00:00,1,17
2022020029,2022-10-15,19:00:00,15,8
2022020030,2022-10-15,19:00:00,10,9
2022020031,2022-10-15,19:00:00,5,14
2022020032,2022-10-15,19:30:00,2,24
2022020033,2022-10-15,20:00:00,19,29
2022020034,2022-10-15,20:00:00,30,26
2022020035,2022-10-15,20:00:00,25,18
2022020036,2022-10-15,22:00:00,22,20
2022020037,2022-10-15,22:00:00,55,54
2022020038,2022-10-15,22:00:00,28,16
2022020039,2022-10-17,19:00:00,3,24
2022020040,2022-10-17,19:00:00,10,53
2022020041,2022-10-17,19:00:00,6,13
2022020042,2022-10-17,19:00:00,8,5
2022020043,2022-10-17,19:00:00,15,23
2022020044,2022-10-17,19:00:00,17,26
2022020045,2022-10-17,20:00:00,30,21
2022020046,2022-10-17,20:30:00,25,52
2022020047,2022-10-17,22:00:00,55,12
2022020048,2022-10-18,19:00:00,1,24
2022020049,2022-10-18,19:00:00,9,6
2022020050,2022-10-18,19:00:00,29,23
2022020053,2022-10-18,19:00:00,14,4
2022020051,2022-10-18,19:30:00,2,28
2022020054,2022-10-18,21:00:00,22,7
2022020055,2022-10-18,21:00:00,20,54
2022020052,2022-10-18,21:30:00,18,26
2022020056,2022-10-19,19:30:00,13,4
2022020057,2022-10-19,20:00:00,21,52
2022020058,2022-10-19,22:00:00,55,19
2022020059,2022-10-20,19:00:00,6,24
2022020060,2022-10-20,19:00:00,8,53
2022020061,2022-10-20,19:00:00,10,25
2022020062,2022-10-20,19:00:00,5,26
2022020063,2022-10-20,19:00:00,29,18
2022020064,2022-10-20,19:00:00,3,28
2022020065,2022-10-20,19:00:00,9,15
2022020066,2022-10-20,19:30:00,2,1
2022020067,2022-10-20,20:00:00,30,23
2022020069,2022-10-20,21:00:00,22,12
2022020068,2022-10-20,21:30:00,20,7
2022020070,2022-10-20,22:00:00,54,52
2022020071,2022-10-21,19:30:00,13,14
2022020072,2022-10-21,20:30:00,16,17
2022020073,2022-10-21,21:00:00,21,55
2022020074,2022-10-22,13:00:00,6,30
2022020075,2022-10-22,13:00:00,1,28
2022020076,2022-10-22,16:00:00,9,53
2022020077,2022-10-22,16:00:00,22,19
2022020078,2022-10-22,19:00:00,8,25
2022020079,2022-10-22,19:00:00,15,26
2022020080,2022-10-22,19:00:00,14,2
2022020081,2022-10-22,19:00:00,29,5
2022020082,2022-10-22,19:00:00,52,10
2022020083,2022-10-22,20:00:00,18,4
2022020084,2022-10-22,22:00:00,23,7
2022020085,2022-10-22,22:00:00,20,12
2022020086,2022-10-22,22:00:00,54,21
2022020087,2022-10-23,14:00:00,16,55
2022020088,2022-10-23,17:00:00,17,24
2022020089,2022-10-23,17:00:00,3,29
2022020090,2022-10-23,17:00:00,13,2
2022020091,2022-10-23,19:00:00,4,28
2022020092,2022-10-24,19:00:00,9,25
2022020093,2022-10-24,19:00:00,1,15
2022020094,2022-10-24,20:00:00,22,5
2022020095,2022-10-24,20:00:00,52,19
2022020096,2022-10-24,22:00:00,54,10
2022020097,2022-10-24,22:30:00,23,12
2022020098,2022-10-25,19:00:00,29,53
2022020100,2022-10-25,19:00:00,6,25
2022020101,2022-10-25,19:00:00,8,30
2022020102,2022-10-25,19:00:00,17,1
2022020099,2022-10-25,20:00:00,3,21
2022020103,2022-10-25,20:30:00,16,13
2022020104,2022-10-25,21:00:00,20,5
2022020105,2022-10-25,22:00:00,55,7
2022020106,2022-10-25,22:30:00,26,14
2022020107,2022-10-25,22:30:00,28,54
2022020108,2022-10-26,19:30:00,2,3
2022020109,2022-10-26,20:00:00,19,22
2022020110,2022-10-26,22:00:00,24,14
2022020111,2022-10-27,19:00:00,6,17
2022020112,2022-10-27,19:00:00,4,13
2022020113,2022-10-27,19:00:00,9,30
2022020114,2022-10-27,19:00:00,7,8
2022020115,2022-10-27,20:00:00,18,19
2022020116,2022-10-27,20:30:00,16,22
2022020117,2022-10-27,20:30:00,25,15
2022020118,2022-10-27,22:00:00,55,23
2022020119,2022-10-27,22:30:00,28,10
2022020120,2022-10-27,22:30:00,26,52
2022020121,2022-10-28,18:00:00,54,24
2022020122,2022-10-28,19:00:00,29,6
2022020123,2022-10-28,19:00:00,1,21
2022020124,2022-10-28,19:00:00,12,2
2022020125,2022-10-28,22:00:00,23,5
2022020126,2022-10-28,22:30:00,53,52
2022020127,2022-10-29,14:00:00,25,3
2022020128,2022-10-29,16:00:00,13,9
2022020129,2022-10-29,16:30:00,28,14
2022020130,2022-10-29,19:00:00,4,12
2022020131,2022-10-29,19:00:00,7,16
2022020132,2022-10-29,19:00:00,17,30
2022020133,2022-10-29,19:00:00,19,8
2022020134,2022-10-29,19:00:00,26,10
2022020135,2022-10-29,19:30:00,2,21
2022020136,2022-10-29,20:00:00,18,15
2022020137,2022-10-29,22:00:00,20,22
2022020138,2022-10-29,22:00:00,55,5
2022020139,2022-10-30,14:00:00,1,29
2022020140,2022-10-30,19:00:00,16,30
2022020141,2022-10-30,20:00:00,53,3
2022020142,2022-10-30,20:00:00,24,10
2022020143,2022-10-30,20:00:00,54,52
2022020144,2022-10-31,19:00:00,7,17
2022020145,2022-10-31,19:00:00,12,15
2022020146,2022-10-31,20:00:00,19,26
2022020148,2022-11-01,19:00:00,14,9
2022020149,2022-11-01,19:00:00,3,4
2022020150,2022-11-01,19:00:00,15,54
2022020147,2022-11-01,20:00:00,5,6
2022020151,2022-11-01,20:00:00,30,8
2022020152,2022-11-01,20:30:00,16,2
2022020153,2022-11-01,20:30:00,25,26
2022020154,2022-11-01,21:00:00,22,18
2022020155,2022-11-01,21:00:00,20,55
2022020156,2022-11-01,22:00:00,53,13
2022020157,2022-11-01,22:00:00,23,1
2022020158,2022-11-01,22:30:00,28,24
2022020159,2022-11-02,19:00:00,10,4
2022020160,2022-11-02,19:30:00,7,5
2022020162,2022-11-03,19:00:00,14,12
2022020163,2022-11-03,19:00:00,9,54
2022020164,2022-11-03,19:00:00,17,15
2022020161,2022-11-03,19:30:00,3,6
2022020165,2022-11-03,20:00:00,52,8
2022020166,2022-11-03,20:00:00,19,2
2022020167,2022-11-03,20:00:00,30,55
2022020168,2022-11-03,20:30:00,16,26
2022020169,2022-11-03,21:00:00,20,18
2022020170,2022-11-03,21:00:00,22,1
2022020171,2022-11-03,22:00:00,23,24
2022020172,2022-11-03,22:00:00,53,25
2022020173,2022-11-03,22:30:00,28,13
2022020175,2022-11-04,14:00:00,21,29
2022020174,2022-11-04,19:00:00,12,7
2022020181,2022-11-05,13:00:00,17,2
2022020185,2022-11-05,14:00:00,29,21
2022020176,2022-11-05,15:00:00,52,16
2022020177,2022-11-05,16:00:00,22,25
2022020178,2022-11-05,19:00:00,15,53
2022020179,2022-11-05,19:00:00,10,6
2022020180,2022-11-05,19:00:00,14,7
2022020182,2022-11-05,19:00:00,9,4
2022020183,2022-11-05,19:00:00,5,55
2022020184,2022-11-05,19:00:00,8,54
2022020186,2022-11-05,22:00:00,23,18
2022020187,2022-11-05,22:00:00,20,1
2022020188,2022-11-05,22:30:00,28,24
2022020189,2022-11-05,22:30:00,26,13
2022020190,2022-11-06,18:00:00,3,17
2022020191,2022-11-06,18:00:00,12,10
2022020192,2022-11-06,22:00:00,24,13
2022020193,2022-11-07,20:00:00,2,20
2022020194,2022-11-07,20:00:00,6,19
2022020195,2022-11-07,21:00:00,15,22
2022020196,2022-11-08,20:00:00,7,53
2022020197,2022-11-08,20:00:00,1,20
2022020198,2022-11-08,20:00:00,3,2
2022020199,2022-11-08,20:00:00,4,19
2022020200,2022-11-08,20:00:00,9,23
2022020201,2022-11-08,20:00:00,10,54
2022020203,2022-11-08,20:00:00,17,8
2022020202,2022-11-08,20:30:00,14,22
2022020204,2022-11-08,21:00:00,52,25
2022020205,2022-11-08,23:00:00,55,18
2022020206,2022-11-08,23:30:00,26,30
2022020207,2022-11-09,20:00:00,13,12
2022020208,2022-11-09,20:30:00,15,5
2022020209,2022-11-09,20:30:00,8,23
2022020210,2022-11-09,23:00:00,24,30
2022020211,2022-11-10,20:00:00,6,20
2022020212,2022-11-10,20:00:00,12,22
2022020213,2022-11-10,20:00:00,1,9
2022020214,2022-11-10,20:00:00,29,4
2022020215,2022-11-10,20:00:00,7,54
2022020217,2022-11-10,20:00:00,17,3
2022020216,2022-11-10,20:30:00,2,53
2022020218,2022-11-10,21:00:00,19,28
2022020219,2022-11-10,22:00:00,21,18
2022020220,2022-11-10,23:30:00,26,16
2022020221,2022-11-11,20:00:00,10,5
2022020222,2022-11-11,20:00:00,15,14
2022020223,2022-11-11,21:30:00,25,28
2022020224,2022-11-11,23:00:00,55,30
2022020225,2022-11-12,14:00:00,4,9
2022020226,2022-11-12,17:00:00,13,22
2022020227,2022-11-12,20:00:00,1,53
2022020228,2022-11-12,20:00:00,7,6
2022020229,2022-11-12,20:00:00,8,5
2022020230,2022-11-12,20:00:00,10,23
2022020231,2022-11-12,20:30:00,2,29
2022020232,2022-11-12,21:00:00,18,3
2022020233,2022-11-12,22:00:00,21,12
2022020234,2022-11-12,23:00:00,24,16
2022020235,2022-11-12,23:00:00,54,19
2022020236,2022-11-12,23:00:00,20,52
2022020237,2022-11-12,23:30:00,26,17
2022020238,2022-11-13,14:00:00,4,25
2022020240,2022-11-13,19:00:00,30,28
2022020241,2022-11-13,19:00:00,6,23
2022020239,2022-11-13,20:00:00,3,53
2022020242,2022-11-13,20:00:00,14,15
2022020243,2022-11-13,21:00:00,55,52
2022020244,2022-11-14,18:30:00,9,2
2022020245,2022-11-14,21:30:00,16,12
2022020246,2022-11-14,21:30:00,20,26
2022020247,2022-11-14,22:00:00,21,19
2022020248,2022-11-15,20:00:00,14,25
2022020249,2022-11-15,20:00:00,8,1
2022020251,2022-11-15,20:00:00,5,10
2022020252,2022-11-15,20:00:00,7,23
2022020253,2022-11-15,20:00:00,13,15
2022020250,2022-11-15,20:30:00,29,4
2022020254,2022-11-15,21:00:00,18,30
2022020255,2022-11-15,23:00:00,24,17
2022020256,2022-11-15,23:00:00,54,28
2022020257,2022-11-16,20:00:00,9,7
2022020258,2022-11-16,20:30:00,16,19
2022020259,2022-11-16,23:00:00,22,26
2022020260,2022-11-17,20:00:00,14,20
2022020261,2022-11-17,20:00:00,12,21
2022020262,2022-11-17,20:00:00,13,25
2022020263,2022-11-17,20:00:00,29,8
2022020264,2022-11-17,20:00:00,10,1
2022020265,2022-11-17,20:00:00,6,4
2022020266,2022-11-17,21:00:00,52,24
2022020267,2022-11-17,21:00:00,18,2
2022020268,2022-11-17,21:00:00,30,5
2022020269,2022-11-17,21:00:00,19,15
2022020270,2022-11-17,23:00:00,54,53
2022020271,2022-11-17,23:00:00,55,3
2022020272,2022-11-17,23:30:00,28,17
2022020273,2022-11-18,23:00:00,23,26
2022020274,2022-11-19,14:00:00,9,1
2022020275,2022-11-19,17:00:00,13,20
2022020276,2022-11-19,20:00:00,10,7
2022020277,2022-11-19,20:00:00,6,16
2022020278,2022-11-19,20:00:00,15,21
2022020279,2022-11-19,20:00:00,29,17
2022020280,2022-11-19,20:00:00,8,4
2022020281,2022-11-19,20:00:00,52,5
2022020282,2022-11-19,21:00:00,19,24
2022020283,2022-11-19,21:00:00,30,12
2022020284,2022-11-19,21:00:00,25,2
2022020285,2022-11-19,21:00:00,18,14
2022020286,2022-11-19,23:00:00,55,26
2022020287,2022-11-19,23:00:00,22,54
2022020288,2022-11-19,23:30:00,28,3
2022020289,2022-11-20,19:00:00,29,13
2022020290,2022-11-20,20:00:00,16,5
2022020291,2022-11-21,20:00:00,14,6
2022020292,2022-11-21,20:00:00,4,20
2022020293,2022-11-21,20:00:00,1,22
2022020294,2022-11-21,20:30:00,52,12
2022020295,2022-11-21,20:30:00,10,2
2022020296,2022-11-21,21:00:00,19,24
2022020297,2022-11-21,21:00:00,18,53
2022020298,2022-11-21,21:30:00,25,21
2022020299,2022-11-21,23:30:00,28,9
2022020300,2022-11-21,23:30:00,23,54
2022020301,2022-11-22,20:00:00,8,7
2022020302,2022-11-22,23:30:00,26,3
2022020303,2022-11-23,20:00:00,12,53
2022020304,2022-11-23,20:00:00,13,6
2022020305,2022-11-23,20:00:00,5,20
2022020306,2022-11-23,20:00:00,29,8
2022020307,2022-11-23,20:00:00,7,19
2022020308,2022-11-23,20:00:00,1,10
2022020309,2022-11-23,20:00:00,30,52
2022020311,2022-11-23,20:00:00,17,18
2022020310,2022-11-23,20:30:00,2,22
2022020312,2022-11-23,20:30:00,15,4
2022020313,2022-11-23,21:30:00,25,16
2022020314,2022-11-23,23:00:00,24,3
2022020315,2022-11-23,23:00:00,54,9
2022020316,2022-11-23,23:00:00,55,28
2022020317,2022-11-23,23:00:00,21,23
2022020318,2022-11-25,14:00:00,6,12
2022020319,2022-11-25,15:00:00,15,20
2022020321,2022-11-25,15:00:00,16,8
2022020322,2022-11-25,15:00:00,30,10
2022020323,2022-11-25,16:00:00,24,9
2022020324,2022-11-25,18:30:00,4,5
2022020325,2022-11-25,21:00:00,17,53
2022020326,2022-11-25,21:00:00,29,2
2022020327,2022-11-25,21:00:00,7,1
2022020328,2022-11-25,21:00:00,14,19
2022020329,2022-11-25,21:00:00,54,55
2022020330,2022-11-25,21:30:00,25,52
2022020331,2022-11-25,23:30:00,28,26
2022020332,2022-11-26,14:00:00,3,22
2022020333,2022-11-26,17:00:00,12,20
2022020334,2022-11-26,19:30:00,13,19
2022020335,2022-11-26,20:00:00,5,10
2022020336,2022-11-26,20:00:00,1,15
2022020337,2022-11-26,20:30:00,2,4
2022020339,2022-11-26,22:00:00,21,25
2022020340,2022-11-26,23:00:00,54,23
2022020341,2022-11-27,15:00:00,30,53
2022020342,2022-11-27,20:00:00,16,52
2022020343,2022-11-27,21:00:00,24,55
2022020344,2022-11-27,21:00:00,28,23
2022020345,2022-11-27,23:30:00,26,9
2022020346,2022-11-28,20:00:00,3,1
2022020347,2022-11-28,20:00:00,7,14
2022020348,2022-11-28,20:00:00,17,10
2022020349,2022-11-28,20:00:00,29,54
2022020350,2022-11-28,21:00:00,19,25
2022020351,2022-11-28,22:30:00,22,13
2022020352,2022-11-29,20:00:00,5,12
2022020354,2022-11-29,20:00:00,8,28
2022020355,2022-11-29,20:00:00,6,14
2022020353,2022-11-29,20:30:00,4,2
2022020356,2022-11-29,21:00:00,18,24
2022020357,2022-11-29,21:00:00,52,21
2022020358,2022-11-29,22:00:00,20,13
2022020359,2022-11-29,23:00:00,23,15
2022020360,2022-11-29,23:30:00,26,55
2022020361,2022-11-30,20:00:00,17,7
2022020362,2022-11-30,20:00:00,9,3
2022020363,2022-11-30,20:00:00,10,28
2022020364,2022-11-30,22:30:00,16,22
2022020365,2022-12-01,20:00:00,7,21
2022020366,2022-12-01,20:00:00,1,18
2022020367,2022-12-01,20:00:00,4,14
2022020368,2022-12-01,20:00:00,5,54
2022020369,2022-12-01,21:00:00,19,12
2022020370,2022-12-01,21:00:00,30,22
2022020371,2022-12-01,21:30:00,25,24
2022020372,2022-12-01,22:00:00,20,8
2022020373,2022-12-01,23:00:00,23,13
2022020374,2022-12-01,23:00:00,55,15
2022020375,2022-12-01,23:30:00,26,53
2022020376,2022-12-02,20:00:00,3,9
2022020377,2022-12-02,20:30:00,2,18
2022020378,2022-12-02,21:00:00,52,29
2022020379,2022-12-03,15:00:00,30,24
2022020380,2022-12-03,20:00:00,6,21
2022020381,2022-12-03,20:00:00,22,8
2022020382,2022-12-03,20:00:00,4,1
2022020383,2022-12-03,20:00:00,9,28
2022020384,2022-12-03,20:00:00,5,19
2022020385,2022-12-03,20:00:00,14,10
2022020386,2022-12-03,20:00:00,17,54
2022020387,2022-12-03,20:30:00,3,16
2022020388,2022-12-03,23:00:00,23,53
2022020389,2022-12-03,23:00:00,55,13
2022020390,2022-12-03,23:00:00,20,15
2022020391,2022-12-03,23:30:00,26,12
2022020392,2022-12-04,16:00:00,52,24
2022020393,2022-12-04,16:00:00,25,30
2022020394,2022-12-04,19:00:00,29,17
2022020395,2022-12-04,20:00:00,7,28
2022020396,2022-12-04,20:30:00,2,16
2022020397,2022-12-05,20:00:00,4,21
2022020398,2022-12-05,20:00:00,3,19
2022020399,2022-12-05,20:00:00,6,54
2022020400,2022-12-05,21:30:00,22,15
2022020401,2022-12-05,22:00:00,20,53
2022020402,2022-12-05,23:30:00,23,8
2022020403,2022-12-06,20:00:00,1,16
2022020404,2022-12-06,20:00:00,5,29
2022020405,2022-12-06,20:00:00,14,17
2022020406,2022-12-06,20:00:00,9,26
2022020407,2022-12-06,20:30:00,2,19
2022020408,2022-12-06,21:00:00,52,13
2022020409,2022-12-06,21:30:00,25,10
2022020410,2022-12-06,23:00:00,24,12
2022020411,2022-12-06,23:00:00,55,8
2022020413,2022-12-07,20:00:00,4,15
2022020412,2022-12-07,20:30:00,29,7
2022020414,2022-12-07,21:00:00,20,30
2022020415,2022-12-07,22:00:00,21,6
2022020416,2022-12-07,22:30:00,22,53
2022020417,2022-12-07,23:00:00,54,3
2022020418,2022-12-07,23:30:00,28,23
2022020420,2022-12-08,20:00:00,10,26
2022020421,2022-12-08,20:00:00,14,18
2022020419,2022-12-08,20:30:00,13,17
2022020422,2022-12-08,21:00:00,19,52
2022020423,2022-12-08,21:30:00,25,9
2022020424,2022-12-09,20:00:00,29,20
2022020425,2022-12-09,20:00:00,1,2
2022020426,2022-12-09,20:00:00,7,5
2022020427,2022-12-09,20:00:00,15,55
2022020428,2022-12-09,21:30:00,16,52
2022020429,2022-12-09,22:00:00,22,30
2022020430,2022-12-09,22:00:00,21,3
2022020431,2022-12-09,22:30:00,53,6
2022020432,2022-12-09,23:00:00,54,4
2022020433,2022-12-09,23:00:00,24,28
2022020434,2022-12-10,14:30:00,18,9
2022020435,2022-12-10,15:00:00,25,17
2022020436,2022-12-10,17:30:00,14,13
2022020437,2022-12-10,20:00:00,5,7
2022020438,2022-12-10,20:00:00,10,20
2022020439,2022-12-10,20:00:00,8,26
2022020440,2022-12-10,20:30:00,2,12
2022020441,2022-12-10,23:00:00,23,30
2022020443,2022-12-11,19:00:00,29,26
2022020444,2022-12-11,19:00:00,13,55
2022020445,2022-12-11,20:00:00,53,4
2022020446,2022-12-11,20:00:00,52,15
2022020447,2022-12-11,21:00:00,54,6
2022020442,2022-12-11,16:00:00,19,21
2022020448,2022-12-12,20:00:00,8,20
2022020449,2022-12-12,20:00:00,5,25
2022020450,2022-12-12,20:00:00,3,1
2022020451,2022-12-12,20:30:00,9,24
2022020452,2022-12-12,21:00:00,30,22
2022020453,2022-12-12,21:00:00,19,18
2022020454,2022-12-13,20:00:00,10,24
2022020455,2022-12-13,20:00:00,13,29
2022020456,2022-12-13,20:00:00,1,25
2022020457,2022-12-13,20:00:00,7,26
2022020458,2022-12-13,20:00:00,6,2
2022020459,2022-12-13,20:00:00,14,55
2022020460,2022-12-13,20:00:00,17,12
2022020461,2022-12-13,21:00:00,18,22
2022020462,2022-12-13,21:00:00,52,54
2022020463,2022-12-13,22:00:00,16,15
2022020464,2022-12-13,22:00:00,21,4
2022020465,2022-12-13,23:30:00,28,53
2022020466,2022-12-14,20:00:00,9,8
2022020467,2022-12-14,20:30:00,30,17
2022020468,2022-12-14,23:00:00,20,23
2022020469,2022-12-15,20:00:00,8,24
2022020470,2022-12-15,20:00:00,14,29
2022020471,2022-12-15,20:00:00,15,25
2022020472,2022-12-15,20:00:00,6,26
2022020473,2022-12-15,20:00:00,1,4
2022020474,2022-12-15,20:00:00,13,5
2022020475,2022-12-15,20:00:00,12,55
2022020476,2022-12-15,20:00:00,3,10
2022020477,2022-12-15,21:00:00,52,18
2022020478,2022-12-15,21:30:00,16,54
2022020479,2022-12-15,22:00:00,21,7
2022020480,2022-12-15,22:00:00,22,19
2022020481,2022-12-16,21:00:00,30,16
2022020482,2022-12-16,22:00:00,20,19
2022020483,2022-12-16,22:30:00,53,2
2022020484,2022-12-17,14:00:00,6,29
2022020485,2022-12-17,14:00:00,17,9
2022020486,2022-12-17,17:00:00,22,24
2022020487,2022-12-17,20:00:00,12,25
2022020489,2022-12-17,20:00:00,4,3
2022020490,2022-12-17,20:00:00,8,14
2022020491,2022-12-17,20:00:00,15,10
2022020488,2022-12-17,20:30:00,1,13
2022020492,2022-12-17,22:00:00,53,7
2022020493,2022-12-17,22:00:00,21,18
2022020494,2022-12-17,23:00:00,54,2
2022020495,2022-12-17,23:00:00,23,52
2022020496,2022-12-17,23:30:00,26,28
2022020497,2022-12-18,15:00:00,30,9
2022020498,2022-12-18,18:00:00,12,5
2022020499,2022-12-18,20:30:00,16,3
2022020500,2022-12-18,21:00:00,55,52
2022020501,2022-12-18,23:00:00,28,20
2022020502,2022-12-19,20:00:00,29,25
2022020503,2022-12-19,20:00:00,15,17
2022020504,2022-12-19,20:00:00,6,13
2022020505,2022-12-19,21:00:00,18,22
2022020506,2022-12-19,22:00:00,21,2
2022020507,2022-12-19,23:00:00,54,7
2022020508,2022-12-19,23:00:00,53,8
2022020509,2022-12-19,23:30:00,23,19
2022020510,2022-12-20,20:00:00,4,29
2022020511,2022-12-20,20:00:00,5,3
2022020512,2022-12-20,20:00:00,12,1
2022020513,2022-12-20,20:00:00,10,14
2022020514,2022-12-20,21:00:00,52,9
2022020515,2022-12-20,23:00:00,55,19
2022020516,2022-12-20,23:30:00,26,24
2022020517,2022-12-20,23:30:00,28,20
2022020518,2022-12-21,20:00:00,13,1
2022020519,2022-12-21,20:00:00,17,14
2022020520,2022-12-21,21:00:00,21,8
2022020521,2022-12-21,21:30:00,16,18
2022020522,2022-12-21,22:30:00,25,22
2022020523,2022-12-21,23:00:00,54,53
2022020524,2022-12-21,23:00:00,24,30
2022020525,2022-12-22,15:00:00,10,4
2022020526,2022-12-22,20:00:00,5,12
2022020527,2022-12-22,20:00:00,3,2
2022020528,2022-12-22,20:00:00,9,15
2022020529,2022-12-22,20:00:00,6,52
2022020530,2022-12-22,23:00:00,23,55
2022020531,2022-12-22,23:30:00,26,20
2022020532,2022-12-22,23:30:00,28,30
2022020533,2022-12-23,20:00:00,1,6
2022020534,2022-12-23,20:00:00,9,17
2022020535,2022-12-23,20:00:00,12,4
2022020536,2022-12-23,20:00:00,7,14
2022020537,2022-12-23,20:00:00,15,52
2022020538,2022-12-23,20:30:00,2,13
2022020539,2022-12-23,21:00:00,18,21
2022020540,2022-12-23,21:30:00,16,29
2022020541,2022-12-23,21:30:00,25,8
2022020542,2022-12-23,22:00:00,22,23
2022020543,2022-12-23,22:30:00,53,26
2022020545,2022-12-23,23:00:00,54,19
2022020544,2022-12-23,23:30:00,24,20
2022020546,2022-12-27,20:00:00,9,6
2022020548,2022-12-27,20:00:00,12,16
2022020549,2022-12-27,20:00:00,3,15
2022020547,2022-12-27,20:30:00,29,7
2022020550,2022-12-27,20:30:00,2,5
2022020551,2022-12-27,21:00:00,18,25
2022020552,2022-12-27,21:00:00,52,30
2022020553,2022-12-27,21:00:00,19,10
2022020554,2022-12-27,22:00:00,53,21
2022020555,2022-12-27,22:00:00,20,22
2022020556,2022-12-27,23:00:00,23,28
2022020557,2022-12-27,23:30:00,26,54
2022020558,2022-12-28,20:00:00,1,6
2022020559,2022-12-28,20:00:00,14,8
2022020560,2022-12-28,20:30:00,5,17
2022020561,2022-12-28,23:00:00,55,20
2022020562,2022-12-28,23:00:00,24,54
2022020563,2022-12-29,20:00:00,7,17
2022020564,2022-12-29,20:00:00,13,8
2022020565,2022-12-29,20:00:00,14,3
2022020566,2022-12-29,20:00:00,15,9
2022020567,2022-12-29,20:30:00,2,29
2022020568,2022-12-29,21:00:00,19,16
2022020569,2022-12-29,21:00:00,30,25
2022020570,2022-12-29,21:00:00,52,23
2022020571,2022-12-29,22:00:00,21,26
2022020572,2022-12-29,22:00:00,53,10
2022020573,2022-12-29,23:30:00,28,4
2022020574,2022-12-30,18:00:00,24,18
2022020576,2022-12-30,20:00:00,5,1
2022020575,2022-12-30,20:30:00,12,13
2022020577,2022-12-30,23:00:00,55,22
2022020578,2022-12-31,14:00:00,6,7
2022020583,2022-12-31,14:00:00,29,16
2022020579,2022-12-31,16:00:00,54,18
2022020580,2022-12-31,17:00:00,15,8
2022020581,2022-12-31,17:00:00,26,4
2022020582,2022-12-31,18:00:00,14,53
2022020589,2022-12-31,19:00:00,19,30
2022020584,2022-12-31,20:00:00,17,9
2022020585,2022-12-31,20:00:00,21,10
2022020586,2022-12-31,21:00:00,25,28
2022020587,2022-12-31,23:00:00,20,23
2022020588,2022-12-31,23:00:00,22,52
2022020590,2023-01-01,16:00:00,1,12
2022020591,2023-01-01,18:00:00,13,3
2022020592,2023-01-01,20:00:00,9,7
2022020593,2023-01-01,20:00:00,16,28
2022020594,2023-01-01,21:00:00,55,2
2022020595,2023-01-02,15:00:00,6,5
2022020596,2023-01-02,22:00:00,21,54
2022020597,2023-01-02,23:00:00,24,4
2022020598,2023-01-03,20:00:00,13,53
2022020599,2023-01-03,20:00:00,15,7
2022020600,2023-01-03,20:00:00,3,12
2022020601,2023-01-03,20:00:00,9,29
2022020602,2023-01-03,20:00:00,10,19
2022020603,2023-01-03,21:00:00,52,20
2022020604,2023-01-03,21:00:00,18,8
2022020605,2023-01-03,21:30:00,16,14
2022020606,2023-01-03,22:00:00,22,55
2022020607,2023-01-03,23:00:00,23,2
2022020608,2023-01-03,23:00:00,26,25
2022020609,2023-01-04,20:00:00,17,1
2022020610,2023-01-04,22:30:00,30,14
2022020611,2023-01-04,23:00:00,24,25
2022020612,2023-01-05,20:00:00,4,53
2022020613,2023-01-05,20:00:00,8,3
2022020614,2023-01-05,20:00:00,12,18
2022020615,2023-01-05,20:00:00,10,55
2022020616,2023-01-05,20:00:00,1,19
2022020617,2023-01-05,20:00:00,29,15
2022020618,2023-01-05,22:00:00,22,2
2022020619,2023-01-05,23:00:00,23,21
2022020620,2023-01-05,23:00:00,54,5
2022020621,2023-01-05,23:30:00,26,6
2022020622,2023-01-06,20:00:00,15,18
2022020623,2023-01-06,20:00:00,17,13
2022020624,2023-01-06,21:00:00,52,14
2022020625,2023-01-06,21:30:00,16,53
2022020626,2023-01-06,22:00:00,20,2
2022020627,2023-01-06,23:00:00,24,28
2022020628,2023-01-07,14:00:00,1,3
2022020629,2023-01-07,17:00:00,29,12
2022020630,2023-01-07,20:00:00,10,17
2022020631,2023-01-07,20:00:00,7,30
2022020632,2023-01-07,20:00:00,9,55
2022020633,2023-01-07,20:00:00,8,19
2022020634,2023-01-07,23:00:00,22,21
2022020635,2023-01-07,23:00:00,54,26
2022020636,2023-01-07,23:30:00,28,6
2022020638,2023-01-08,16:00:00,52,23
2022020637,2023-01-08,16:30:00,25,13
2022020639,2023-01-08,18:00:00,15,29
2022020640,2023-01-08,20:00:00,16,20
2022020641,2023-01-08,20:00:00,53,5
2022020642,2023-01-08,20:00:00,30,19
2022020643,2023-01-08,20:00:00,4,10
2022020644,2023-01-08,21:30:00,24,6
2022020645,2023-01-09,20:30:00,9,18
2022020646,2023-01-09,20:30:00,8,55
2022020647,2023-01-09,23:30:00,26,22
2022020648,2023-01-10,20:00:00,14,29
2022020649,2023-01-10,20:00:00,3,30
2022020650,2023-01-10,20:00:00,12,1
2022020651,2023-01-10,20:00:00,7,55
2022020652,2023-01-10,20:00:00,5,23
2022020654,2023-01-10,20:00:00,17,52
2022020653,2023-01-10,20:30:00,2,25
2022020655,2023-01-10,21:00:00,19,20
2022020657,2023-01-10,22:00:00,53,28
2022020656,2023-01-10,22:30:00,21,13
2022020659,2023-01-11,20:00:00,4,15
2022020658,2023-01-11,20:30:00,10,18
2022020660,2023-01-11,23:00:00,24,22
2022020661,2023-01-11,23:00:00,26,28
2022020662,2023-01-12,20:00:00,29,12
2022020663,2023-01-12,20:00:00,3,25
2022020664,2023-01-12,20:00:00,8,18
2022020665,2023-01-12,20:00:00,6,55
2022020666,2023-01-12,20:00:00,17,10
2022020667,2023-01-12,20:00:00,14,23
2022020668,2023-01-12,20:00:00,7,52
2022020669,2023-01-12,20:30:00,2,30
2022020670,2023-01-12,21:00:00,19,20
2022020671,2023-01-12,21:30:00,16,21
2022020672,2023-01-12,22:00:00,53,9
2022020673,2023-01-12,23:00:00,54,13
2022020674,2023-01-13,20:00:00,5,52
2022020675,2023-01-13,23:00:00,24,1
2022020676,2023-01-13,23:30:00,28,22
2022020677,2023-01-14,15:00:00,25,20
2022020678,2023-01-14,20:00:00,17,29
2022020679,2023-01-14,20:00:00,2,8
2022020680,2023-01-14,20:00:00,21,9
2022020681,2023-01-14,20:00:00,15,4
2022020682,2023-01-14,20:00:00,12,5
2022020683,2023-01-14,20:00:00,6,10
2022020684,2023-01-14,20:00:00,13,23
2022020685,2023-01-14,21:00:00,30,53
2022020686,2023-01-14,21:00:00,18,7
2022020687,2023-01-14,21:00:00,16,55
2022020688,2023-01-14,21:00:00,19,14
2022020689,2023-01-14,23:00:00,54,22
2022020690,2023-01-14,23:30:00,26,1
2022020691,2023-01-15,18:00:00,3,8
2022020692,2023-01-15,18:00:00,12,23
2022020693,2023-01-15,20:00:00,52,53
2022020694,2023-01-16,14:00:00,7,13
2022020695,2023-01-16,14:00:00,6,4
2022020696,2023-01-16,16:00:00,21,17
2022020697,2023-01-16,17:00:00,28,1
2022020698,2023-01-16,17:00:00,55,14
2022020699,2023-01-16,19:00:00,54,25
2022020700,2023-01-16,20:00:00,5,24
2022020701,2023-01-16,20:00:00,29,3
2022020702,2023-01-16,20:30:00,2,15
2022020703,2023-01-16,21:00:00,18,20
2022020704,2023-01-16,21:00:00,19,9
2022020705,2023-01-17,20:00:00,4,24
2022020706,2023-01-17,20:00:00,10,13
2022020707,2023-01-17,20:00:00,15,30
2022020708,2023-01-17,20:00:00,8,52
2022020338,2023-01-17,21:00:00,18,29
2022020709,2023-01-17,21:30:00,16,7
2022020710,2023-01-17,22:00:00,53,17
2022020711,2023-01-17,22:00:00,22,55
2022020712,2023-01-18,20:00:00,9,5
2022020713,2023-01-18,20:30:00,2,6
2022020714,2023-01-18,22:30:00,20,21
2022020715,2023-01-18,23:00:00,23,14
2022020716,2023-01-18,23:00:00,28,25
2022020717,2023-01-19,20:00:00,29,24
2022020718,2023-01-19,20:00:00,3,6
2022020719,2023-01-19,20:00:00,4,16
2022020720,2023-01-19,20:00:00,8,13
2022020721,2023-01-19,20:00:00,12,30
2022020722,2023-01-19,20:00:00,7,2
2022020723,2023-01-19,20:00:00,10,52
2022020724,2023-01-19,21:00:00,19,18
2022020725,2023-01-19,22:00:00,22,14
2022020726,2023-01-19,22:00:00,53,15
2022020727,2023-01-19,23:00:00,54,17
2022020728,2023-01-19,23:00:00,55,1
2022020729,2023-01-19,23:30:00,26,25
2022020730,2023-01-20,20:00:00,5,9
2022020731,2023-01-20,23:00:00,23,21
2022020732,2023-01-21,13:30:00,7,24
2022020733,2023-01-21,16:00:00,20,14
2022020734,2023-01-21,19:00:00,13,30
2022020735,2023-01-21,20:00:00,17,4
2022020736,2023-01-21,20:00:00,29,28
2022020737,2023-01-21,20:00:00,8,10
2022020738,2023-01-21,20:00:00,9,52
2022020739,2023-01-21,20:30:00,2,12
2022020740,2023-01-21,21:00:00,25,53
2022020741,2023-01-21,21:00:00,19,16
2022020742,2023-01-21,21:00:00,18,26
2022020743,2023-01-21,23:00:00,55,21
2022020744,2023-01-21,23:00:00,23,22
2022020745,2023-01-21,23:00:00,54,15
2022020746,2023-01-22,15:00:00,1,5
2022020747,2023-01-22,20:00:00,16,26
2022020748,2023-01-22,20:00:00,6,28
2022020749,2023-01-22,20:00:00,4,52
2022020750,2023-01-22,21:00:00,53,54
2022020751,2023-01-23,20:00:00,3,13
2022020752,2023-01-23,20:00:00,10,2
2022020753,2023-01-23,21:30:00,25,7
2022020754,2023-01-23,22:30:00,20,29
2022020755,2023-01-24,20:00:00,8,6
2022020756,2023-01-24,20:00:00,5,13
2022020757,2023-01-24,20:00:00,4,26
2022020758,2023-01-24,20:00:00,14,30
2022020760,2023-01-24,20:00:00,17,28
2022020759,2023-01-24,20:30:00,1,54
2022020761,2023-01-24,21:00:00,19,7
2022020762,2023-01-24,21:00:00,18,52
2022020763,2023-01-24,22:00:00,53,24
2022020764,2023-01-24,22:00:00,21,15
2022020765,2023-01-24,23:00:00,23,16
2022020766,2023-01-25,20:00:00,9,2
2022020767,2023-01-25,20:00:00,10,3
2022020768,2023-01-25,21:30:00,25,12
2022020769,2023-01-25,22:30:00,22,29
2022020770,2023-01-25,23:00:00,55,23
2022020771,2023-01-26,20:00:00,14,6
2022020772,2023-01-26,20:00:00,8,17
2022020773,2023-01-26,20:00:00,15,5
2022020774,2023-01-26,21:00:00,52,7
2022020775,2023-01-26,21:00:00,18,1
2022020778,2023-01-26,21:00:00,30,4
2022020776,2023-01-26,22:00:00,21,24
2022020777,2023-01-26,22:00:00,20,16
2022020779,2023-01-26,22:00:00,53,19
2022020780,2023-01-27,20:00:00,2,17
2022020781,2023-01-27,20:00:00,13,26
2022020782,2023-01-27,20:00:00,10,9
2022020783,2023-01-27,20:00:00,12,28
2022020784,2023-01-27,20:00:00,3,54
2022020785,2023-01-27,21:30:00,25,1
2022020786,2023-01-27,23:00:00,55,20
2022020787,2023-01-27,23:00:00,23,29
2022020788,2023-01-28,16:00:00,21,19
2022020789,2023-01-28,19:00:00,13,6
2022020790,2023-01-28,20:00:00,14,26
2022020791,2023-01-28,20:00:00,9,8
2022020792,2023-01-28,20:00:00,52,4
2022020793,2023-01-28,20:00:00,5,28
2022020794,2023-01-28,20:30:00,2,54
2022020795,2023-01-28,22:00:00,30,7
2022020797,2023-01-28,23:00:00,22,16
2022020798,2023-01-28,23:00:00,55,29
2022020796,2023-01-28,23:30:00,24,53
2022020799,2023-01-29,18:00:00,12,6
2022020800,2023-01-29,18:00:00,10,15
2022020801,2023-01-30,21:00:00,52,19
2022020802,2023-01-31,20:00:00,12,26
2022020803,2023-01-31,20:00:00,8,9
2022020804,2023-01-31,20:00:00,29,15
2022020805,2023-02-01,20:30:00,7,12
2022020806,2023-02-01,20:30:00,10,6
2022020807,2023-02-06,20:00:00,4,2
2022020808,2023-02-06,20:00:00,13,14
2022020809,2023-02-06,20:30:00,3,20
2022020810,2023-02-06,20:30:00,1,23
2022020811,2023-02-06,21:30:00,25,24
2022020812,2023-02-06,22:00:00,53,30
2022020813,2023-02-07,20:00:00,5,21
2022020814,2023-02-07,20:00:00,14,28
2022020815,2023-02-07,20:30:00,17,22
2022020816,2023-02-07,20:30:00,2,55
2022020817,2023-02-07,21:00:00,18,54
2022020818,2023-02-07,21:30:00,16,24
2022020819,2023-02-08,21:00:00,3,23
2022020820,2023-02-08,21:30:00,25,30
2022020821,2023-02-09,20:00:00,14,21
2022020822,2023-02-09,20:00:00,4,22
2022020823,2023-02-09,20:00:00,13,28
2022020824,2023-02-09,20:00:00,1,55
2022020825,2023-02-09,20:00:00,17,20
2022020826,2023-02-09,20:30:00,2,23
2022020827,2023-02-09,21:00:00,30,54
2022020828,2023-02-10,20:00:00,3,55
2022020829,2023-02-10,20:00:00,29,10
2022020830,2023-02-10,21:30:00,16,53
2022020831,2023-02-10,23:00:00,24,5
2022020832,2023-02-11,13:00:00,17,23
2022020833,2023-02-11,13:30:00,7,20
2022020834,2023-02-11,13:30:00,9,22
2022020835,2023-02-11,13:30:00,8,2
2022020836,2023-02-11,13:30:00,4,18
2022020837,2023-02-11,14:00:00,25,14
2022020838,2023-02-11,16:30:00,6,15
2022020839,2023-02-11,19:00:00,13,21
2022020840,2023-02-11,20:00:00,10,29
2022020841,2023-02-11,20:00:00,12,3
2022020842,2023-02-11,21:00:00,19,53
2022020843,2023-02-11,21:00:00,30,1
2022020844,2023-02-11,23:00:00,52,16
2022020845,2023-02-11,23:30:00,26,5
2022020846,2023-02-12,13:30:00,8,22
2022020848,2023-02-12,14:00:00,4,55
2022020847,2023-02-12,14:30:00,15,28
2022020849,2023-02-12,16:00:00,54,24
2022020850,2023-02-13,20:30:00,9,20
2022020851,2023-02-13,21:00:00,18,53
2022020852,2023-02-13,21:00:00,30,13
2022020853,2023-02-13,23:00:00,23,17
2022020854,2023-02-13,23:30:00,26,7
2022020855,2023-02-14,20:00:00,15,12
2022020856,2023-02-14,20:00:00,8,16
2022020857,2023-02-14,20:30:00,29,1
2022020858,2023-02-14,20:30:00,2,9
2022020859,2023-02-14,21:00:00,19,13
2022020860,2023-02-14,21:00:00,52,55
2022020861,2023-02-14,21:30:00,25,6
2022020862,2023-02-14,22:00:00,21,14
2022020863,2023-02-14,23:30:00,28,5
2022020864,2023-02-15,20:00:00,10,16
2022020865,2023-02-15,22:00:00,53,14
2022020866,2023-02-15,22:30:00,30,21
2022020867,2023-02-15,22:30:00,22,17
2022020868,2023-02-15,23:00:00,24,7
2022020869,2023-02-15,23:00:00,23,3
2022020870,2023-02-16,20:00:00,15,13
2022020871,2023-02-16,20:00:00,12,8
2022020872,2023-02-16,20:00:00,29,52
2022020873,2023-02-16,21:00:00,18,6
2022020874,2023-02-16,22:00:00,19,1
2022020875,2023-02-16,22:00:00,20,17
2022020876,2023-02-16,23:00:00,55,4
2022020877,2023-02-16,23:00:00,54,28
2022020878,2023-02-17,20:00:00,9,16
2022020879,2023-02-17,20:00:00,2,5
2022020880,2023-02-17,21:00:00,30,25
2022020881,2023-02-17,22:00:00,22,3
2022020882,2023-02-17,22:00:00,24,26
2022020883,2023-02-18,15:00:00,19,21
2022020884,2023-02-18,15:00:00,18,13
2022020885,2023-02-18,18:00:00,6,2
2022020886,2023-02-18,18:30:00,5,1
2022020887,2023-02-18,19:00:00,25,29
2022020888,2023-02-18,20:00:00,10,8
2022020889,2023-02-18,21:00:00,12,15
2022020890,2023-02-18,23:00:00,20,3
2022020891,2023-02-18,23:00:00,23,4
2022020892,2023-02-18,23:30:00,26,53
2022020893,2023-02-18,23:30:00,28,7
2022020894,2023-02-18,23:30:00,55,17
2022020895,2023-02-18,23:30:00,54,14
2022020896,2023-02-19,15:00:00,30,18
2022020897,2023-02-19,15:00:00,9,19
2022020898,2023-02-19,16:00:00,21,22
2022020899,2023-02-19,19:00:00,16,10
2022020900,2023-02-19,20:00:00,1,52
2022020901,2023-02-19,21:30:00,53,29
2022020902,2023-02-20,14:00:00,13,24
2022020903,2023-02-20,14:00:00,6,9
2022020904,2023-02-20,17:00:00,20,4
2022020905,2023-02-20,17:00:00,28,55
2022020906,2023-02-20,20:00:00,5,2
2022020907,2023-02-20,20:00:00,3,52
2022020908,2023-02-21,20:00:00,14,24
2022020909,2023-02-21,20:00:00,15,17
2022020910,2023-02-21,20:00:00,1,8
2022020911,2023-02-21,20:00:00,12,19
2022020912,2023-02-21,20:30:00,7,10
2022020913,2023-02-21,21:00:00,30,26
2022020914,2023-02-21,21:00:00,18,23
2022020915,2023-02-21,21:30:00,16,54
2022020916,2023-02-21,22:00:00,22,4
2022020917,2023-02-22,20:00:00,2,52
2022020918,2023-02-22,22:30:00,25,16
2022020919,2023-02-22,22:30:00,53,20
2022020920,2023-02-23,20:00:00,15,24
2022020921,2023-02-23,20:00:00,14,7
2022020922,2023-02-23,20:00:00,5,22
2022020923,2023-02-23,20:00:00,1,26
2022020924,2023-02-23,20:00:00,29,30
2022020925,2023-02-23,20:00:00,17,3
2022020926,2023-02-23,21:00:00,19,23
2022020928,2023-02-23,22:00:00,54,20
2022020927,2023-02-23,23:00:00,55,6
2022020929,2023-02-23,23:30:00,28,18
2022020930,2023-02-24,20:00:00,13,7
2022020931,2023-02-24,20:00:00,10,30
2022020932,2023-02-24,20:00:00,4,8
2022020933,2023-02-24,20:00:00,12,9
2022020934,2023-02-24,20:30:00,2,26
2022020935,2023-02-24,21:00:00,52,21
2022020936,2023-02-25,13:30:00,29,22
2022020937,2023-02-25,14:00:00,15,3
2022020943,2023-02-25,16:30:00,19,5
2022020938,2023-02-25,20:00:00,12,24
2022020939,2023-02-25,20:00:00,23,6
2022020940,2023-02-25,20:00:00,8,9
2022020941,2023-02-25,20:00:00,1,4
2022020942,2023-02-25,21:00:00,17,14
2022020944,2023-02-25,23:00:00,21,20
2022020945,2023-02-25,23:00:00,54,25
2022020946,2023-02-25,23:30:00,28,16
2022020947,2023-02-26,14:00:00,7,15
2022020948,2023-02-26,15:00:00,30,29
2022020949,2023-02-26,16:30:00,52,2
2022020950,2023-02-26,18:00:00,3,26
2022020951,2023-02-26,19:00:00,5,14
2022020952,2023-02-26,20:00:00,53,18
2022020953,2023-02-26,20:00:00,55,10
2022020954,2023-02-27,21:30:00,22,6
2022020955,2023-02-27,21:30:00,25,23
2022020956,2023-02-27,22:00:00,21,54
2022020957,2023-02-27,23:00:00,24,16
2022020959,2023-02-28,20:00:00,9,17
2022020960,2023-02-28,20:00:00,14,13
2022020958,2023-02-28,20:30:00,7,29
2022020961,2023-02-28,21:00:00,52,26
2022020962,2023-02-28,21:00:00,30,2
2022020963,2023-02-28,21:00:00,18,5
2022020964,2023-02-28,21:00:00,19,55
2022020965,2023-02-28,22:00:00,20,6
2022020966,2023-02-28,22:00:00,53,16
2022020967,2023-02-28,23:30:00,28,8
2022020968,2023-03-01,20:30:00,4,3
2022020969,2023-03-01,21:00:00,22,10
2022020970,2023-03-01,21:30:00,25,53
2022020971,2023-03-01,22:00:00,21,1
2022020972,2023-03-01,23:00:00,54,12
2022020973,2023-03-01,23:00:00,24,15
2022020975,2023-03-02,20:00:00,13,18
2022020976,2023-03-02,20:00:00,3,9
2022020977,2023-03-02,20:00:00,14,5
2022020978,2023-03-02,20:00:00,17,55
2022020974,2023-03-02,20:30:00,6,7
2022020979,2023-03-02,21:30:00,16,25
2022020980,2023-03-02,22:00:00,20,10
2022020981,2023-03-02,23:00:00,23,30
2022020982,2023-03-02,23:30:00,26,8
2022020983,2023-03-02,23:30:00,28,19
2022020984,2023-03-03,20:00:00,29,55
2022020985,2023-03-03,22:00:00,22,52
2022020986,2023-03-03,22:30:00,53,12
2022020987,2023-03-03,23:00:00,24,8
2022020988,2023-03-03,23:00:00,54,1
2022020989,2023-03-04,13:30:00,2,17
2022020990,2023-03-04,13:30:00,7,4
2022020991,2023-03-04,14:00:00,6,3
2022020997,2023-03-04,16:30:00,25,21
2022020992,2023-03-04,19:00:00,13,5
2022020993,2023-03-04,19:00:00,28,15
2022020994,2023-03-04,20:00:00,9,29
2022020995,2023-03-04,20:00:00,52,22
2022020996,2023-03-04,20:00:00,23,10
2022020998,2023-03-04,21:00:00,16,18
2022020999,2023-03-04,23:00:00,20,30
2022021000,2023-03-04,23:30:00,26,19
2022021001,2023-03-05,16:00:00,12,14
2022021002,2023-03-05,19:00:00,4,17
2022021003,2023-03-05,19:00:00,54,8
2022021004,2023-03-05,20:00:00,53,1
2022021005,2023-03-05,22:00:00,21,55
2022021006,2023-03-06,20:30:00,7,22
2022021007,2023-03-06,20:30:00,52,28
2022021008,2023-03-06,21:30:00,25,20
2022021009,2023-03-06,22:00:00,16,9
2022021010,2023-03-06,23:30:00,23,18
2022021011,2023-03-06,23:30:00,26,15
2022021012,2023-03-07,20:00:00,8,12
2022021013,2023-03-07,20:00:00,5,29
2022021014,2023-03-07,20:00:00,14,4
2022021015,2023-03-07,20:00:00,1,10
2022021016,2023-03-07,20:00:00,13,54
2022021017,2023-03-07,20:30:00,2,7
2022021018,2023-03-07,21:00:00,30,20
2022021019,2023-03-07,22:00:00,21,28
2022021020,2023-03-07,22:00:00,53,19
2022021021,2023-03-07,23:00:00,55,24
2022021022,2023-03-08,20:30:00,17,16
2022021023,2023-03-08,20:30:00,52,30
2022021024,2023-03-08,23:00:00,23,24
2022021025,2023-03-09,20:00:00,7,25
2022021027,2023-03-09,20:00:00,5,2
2022021028,2023-03-09,20:00:00,8,3
2022021029,2023-03-09,20:00:00,15,1
2022021030,2023-03-09,20:00:00,12,4
2022021031,2023-03-09,20:00:00,14,54
2022021026,2023-03-09,20:30:00,6,22
2022021032,2023-03-09,21:00:00,19,28
2022021033,2023-03-09,22:00:00,21,26
2022021034,2023-03-09,22:00:00,53,18
2022021035,2023-03-09,23:00:00,55,9
2022021036,2023-03-10,20:00:00,13,16
2022021037,2023-03-10,22:00:00,20,24
2022021038,2023-03-11,14:00:00,6,17
2022021039,2023-03-11,16:30:00,5,4
2022021040,2023-03-11,18:00:00,7,3
2022021041,2023-03-11,19:00:00,21,53
2022021042,2023-03-11,20:00:00,14,16
2022021043,2023-03-11,20:00:00,10,22
2022021044,2023-03-11,20:00:00,8,1
2022021045,2023-03-11,20:00:00,29,19
2022021046,2023-03-11,20:00:00,12,54
2022021047,2023-03-11,20:00:00,13,52
2022021048,2023-03-11,20:30:00,2,15
2022021049,2023-03-11,23:00:00,55,25
2022021050,2023-03-11,23:00:00,23,9
2022021051,2023-03-11,23:30:00,28,30
2022021052,2023-03-11,23:30:00,26,18
2022021053,2023-03-12,13:30:00,17,6
2022021054,2023-03-12,16:00:00,5,3
2022021055,2023-03-12,19:00:00,1,12
2022021056,2023-03-12,19:00:00,19,54
2022021057,2023-03-12,19:00:00,14,52
2022021059,2023-03-12,21:00:00,20,9
2022021058,2023-03-12,21:30:00,53,30
2022021060,2023-03-12,21:30:00,24,18
2022021061,2023-03-13,19:30:00,10,7
2022021062,2023-03-13,19:30:00,8,21
2022021063,2023-03-13,22:00:00,55,25
2022021064,2023-03-14,19:00:00,5,8
2022021065,2023-03-14,19:00:00,1,14
2022021066,2023-03-14,19:00:00,4,54
2022021067,2023-03-14,19:00:00,3,15
2022021068,2023-03-14,19:00:00,12,52
2022021069,2023-03-14,20:00:00,18,17
2022021070,2023-03-14,20:30:00,16,6
2022021071,2023-03-14,21:00:00,22,9
2022021072,2023-03-14,22:00:00,53,20
2022021073,2023-03-14,22:00:00,23,25
2022021074,2023-03-14,22:30:00,28,29
2022021075,2023-03-14,22:30:00,26,2
2022021076,2023-03-15,19:00:00,15,7
2022021077,2023-03-15,19:00:00,10,21
2022021078,2023-03-15,21:30:00,19,30
2022021079,2023-03-15,22:00:00,24,2
2022021080,2023-03-16,19:00:00,9,21
2022021081,2023-03-16,19:00:00,13,8
2022021082,2023-03-16,19:00:00,3,5
2022021083,2023-03-16,19:00:00,1,14
2022021084,2023-03-16,20:00:00,52,6
2022021085,2023-03-16,20:00:00,18,16
2022021086,2023-03-16,21:00:00,22,25
2022021087,2023-03-16,22:00:00,54,20
2022021088,2023-03-16,22:00:00,53,23
2022021089,2023-03-16,22:30:00,26,29
2022021090,2023-03-16,22:30:00,28,55
2022021091,2023-03-17,19:00:00,4,7
2022021092,2023-03-17,19:00:00,10,12
2022021093,2023-03-17,19:00:00,15,19
2022021094,2023-03-17,22:00:00,24,29
2022021095,2023-03-18,13:00:00,17,21
2022021096,2023-03-18,14:00:00,30,6
2022021097,2023-03-18,14:00:00,18,52
2022021098,2023-03-18,16:00:00,55,22
2022021099,2023-03-18,17:00:00,4,12
2022021100,2023-03-18,18:00:00,13,1
2022021101,2023-03-18,19:00:00,14,8
2022021102,2023-03-18,19:00:00,9,10
2022021103,2023-03-18,20:00:00,3,5
2022021104,2023-03-18,22:00:00,20,25
2022021105,2023-03-18,22:00:00,26,23
2022021106,2023-03-18,22:30:00,53,16
2022021107,2023-03-18,22:30:00,28,2
2022021108,2023-03-19,13:00:00,7,6
2022021109,2023-03-19,14:00:00,30,15
2022021110,2023-03-19,16:00:00,54,29
2022021111,2023-03-19,19:00:00,3,18
2022021112,2023-03-19,19:00:00,14,1
2022021113,2023-03-19,19:00:00,19,52
2022021114,2023-03-19,20:00:00,24,23
2022021115,2023-03-20,19:00:00,5,9
2022021116,2023-03-20,19:00:00,17,13
2022021117,2023-03-20,21:00:00,21,16
2022021118,2023-03-20,21:30:00,22,28
2022021119,2023-03-20,22:30:00,26,20
2022021120,2023-03-21,19:00:00,3,12
2022021121,2023-03-21,19:00:00,15,29
2022021122,2023-03-21,19:00:00,4,13
2022021123,2023-03-21,19:00:00,1,30
2022021124,2023-03-21,19:00:00,7,18
2022021125,2023-03-21,19:00:00,6,9
2022021126,2023-03-21,19:00:00,8,14
2022021127,2023-03-21,19:30:00,2,10
2022021128,2023-03-21,20:00:00,52,53
2022021129,2023-03-21,20:00:00,19,17
2022021130,2023-03-21,20:30:00,25,55
2022021131,2023-03-21,22:00:00,24,20
2022021132,2023-03-21,22:00:00,23,54
2022021133,2023-03-22,20:00:00,21,5
2022021134,2023-03-22,22:30:00,22,53
2022021136,2023-03-23,18:30:00,4,30
2022021135,2023-03-23,19:00:00,15,16
2022021137,2023-03-23,19:00:00,6,8
2022021138,2023-03-23,19:00:00,12,3
2022021139,2023-03-23,19:00:00,9,14
2022021140,2023-03-23,19:00:00,13,10
2022021141,2023-03-23,19:00:00,17,19
2022021142,2023-03-23,20:00:00,18,55
2022021143,2023-03-23,21:00:00,25,5
2022021144,2023-03-23,21:00:00,20,54
2022021145,2023-03-23,22:00:00,23,28
2022021146,2023-03-23,22:00:00,24,52
2022021147,2023-03-24,19:00:00,29,2
2022021148,2023-03-24,19:00:00,7,1
2022021149,2023-03-24,21:00:00,21,53
2022021150,2023-03-25,13:00:00,4,17
2022021151,2023-03-25,13:00:00,6,14
2022021152,2023-03-25,14:00:00,18,55
2022021153,2023-03-25,16:00:00,20,28
2022021154,2023-03-25,16:00:00,26,52
2022021155,2023-03-25,17:00:00,30,16
2022021156,2023-03-25,17:00:00,13,3
2022021157,2023-03-25,17:00:00,2,7
2022021158,2023-03-25,19:00:00,8,29
2022021159,2023-03-25,19:00:00,1,9
2022021160,2023-03-25,19:00:00,12,10
2022021161,2023-03-25,19:00:00,25,23
2022021162,2023-03-25,20:00:00,5,15
2022021163,2023-03-25,22:00:00,22,54
2022021164,2023-03-25,22:30:00,24,19
2022021165,2023-03-26,15:00:00,53,21
2022021166,2023-03-26,17:00:00,12,6
2022021167,2023-03-26,18:00:00,18,10
2022021168,2023-03-26,18:00:00,16,23
2022021169,2023-03-26,22:30:00,26,19
2022021170,2023-03-27,19:00:00,9,13
2022021171,2023-03-27,19:00:00,7,8
2022021172,2023-03-27,19:30:00,2,1
2022021173,2023-03-27,20:00:00,30,55
2022021174,2023-03-27,22:00:00,24,21
2022021175,2023-03-27,22:00:00,53,22
2022021176,2023-03-28,19:00:00,3,29
2022021177,2023-03-28,19:00:00,4,8
2022021178,2023-03-28,19:00:00,6,18
2022021179,2023-03-28,19:00:00,12,14
2022021180,2023-03-28,19:00:00,17,5
2022021181,2023-03-28,20:00:00,19,23
2022021182,2023-03-28,20:30:00,16,25
2022021183,2023-03-28,21:00:00,20,26
2022021184,2023-03-28,22:00:00,54,22
2022021185,2023-03-28,22:30:00,28,52
2022021186,2023-03-29,19:30:00,10,13
2022021187,2023-03-29,19:30:00,15,2
2022021188,2023-03-29,22:00:00,21,30
2022021189,2023-03-30,19:00:00,6,29
2022021190,2023-03-30,19:00:00,8,13
2022021191,2023-03-30,19:00:00,1,3
2022021192,2023-03-30,19:00:00,5,18
2022021193,2023-03-30,19:00:00,9,4
2022021194,2023-03-30,19:00:00,14,15
2022021195,2023-03-30,19:30:00,17,12
2022021196,2023-03-30,20:30:00,16,19
2022021197,2023-03-30,21:00:00,22,26
2022021198,2023-03-30,22:00:00,55,24
2022021199,2023-03-30,22:30:00,28,54
2022021200,2023-03-31,19:00:00,7,3
2022021201,2023-03-31,20:00:00,52,17
2022021202,2023-03-31,22:00:00,23,20
2022021203,2023-03-31,22:30:00,53,25
2022021204,2023-04-01,13:00:00,18,19
2022021205,2023-04-01,15:00:00,5,6
2022021206,2023-04-01,19:00:00,4,7
2022021207,2023-04-01,19:00:00,8,12
2022021208,2023-04-01,19:00:00,29,13
2022021209,2023-04-01,19:00:00,14,2
2022021210,2023-04-01,19:00:00,9,10
2022021211,2023-04-01,20:00:00,16,1
2022021212,2023-04-01,21:00:00,21,25
2022021213,2023-04-01,22:00:00,22,24
2022021214,2023-04-01,22:00:00,55,26
2022021215,2023-04-01,22:00:00,54,30
2022021216,2023-04-01,22:00:00,53,28
2022021217,2023-04-02,13:00:00,15,3
2022021218,2023-04-02,15:30:00,19,6
2022021219,2023-04-02,18:00:00,12,2
2022021220,2023-04-02,18:00:00,29,9
2022021221,2023-04-02,18:00:00,5,4
2022021222,2023-04-02,19:00:00,10,17
2022021223,2023-04-02,19:00:00,52,1
2022021224,2023-04-02,20:00:00,20,24
2022021225,2023-04-02,20:00:00,23,26
2022021226,2023-04-03,20:00:00,30,54
2022021227,2023-04-03,20:30:00,25,18
2022021228,2023-04-03,22:00:00,55,53
2022021229,2023-04-04,19:00:00,13,7
2022021230,2023-04-04,19:00:00,10,29
2022021231,2023-04-04,19:00:00,8,17
2022021232,2023-04-04,19:00:00,12,9
2022021233,2023-04-04,19:00:00,1,5
2022021234,2023-04-04,20:00:00,19,4
2022021235,2023-04-04,20:00:00,18,54
2022021236,2023-04-04,21:00:00,20,16
2022021238,2023-04-04,22:00:00,23,55
2022021237,2023-04-04,22:30:00,26,22
2022021239,2023-04-04,22:30:00,28,21
2022021240,2023-04-05,19:30:00,52,20
2022021241,2023-04-05,19:30:00,3,14
2022021242,2023-04-05,22:00:00,24,22
2022021243,2023-04-06,19:00:00,1,29
2022021244,2023-04-06,19:00:00,5,30
2022021245,2023-04-06,19:00:00,13,9
2022021246,2023-04-06,19:00:00,6,10
2022021247,2023-04-06,19:00:00,8,15
2022021248,2023-04-06,19:00:00,17,7
2022021249,2023-04-06,19:30:00,2,14
2022021250,2023-04-06,20:00:00,18,12
2022021251,2023-04-06,20:00:00,19,3
2022021252,2023-04-06,20:30:00,25,4
2022021254,2023-04-06,22:00:00,23,16
2022021255,2023-04-06,22:00:00,54,26
2022021253,2023-04-06,22:30:00,55,53
2022021256,2023-04-06,22:30:00,28,21
2022021257,2023-04-08,12:30:00,7,12
2022021258,2023-04-08,13:00:00,30,19
2022021269,2023-04-08,15:30:00,25,54
2022021259,2023-04-08,16:00:00,28,22
2022021260,2023-04-08,17:30:00,53,24
2022021261,2023-04-08,19:00:00,15,13
2022021262,2023-04-08,19:00:00,10,8
2022021263,2023-04-08,19:00:00,29,3
2022021264,2023-04-08,19:00:00,52,18
2022021265,2023-04-08,19:00:00,6,1
2022021267,2023-04-08,19:00:00,9,14
2022021268,2023-04-08,19:30:00,2,4
2022021266,2023-04-08,20:00:00,17,5
2022021270,2023-04-08,22:00:00,23,20
2022021271,2023-04-08,22:00:00,55,16
2022021272,2023-04-08,22:30:00,26,21
2022021273,2023-04-09,18:00:00,4,6
2022021274,2023-04-09,20:30:00,24,21
2022021275,2023-04-10,19:00:00,3,7
2022021276,2023-04-10,19:00:00,9,12
2022021277,2023-04-10,19:00:00,15,2
2022021278,2023-04-10,19:00:00,52,28
2022021279,2023-04-10,19:00:00,13,10
2022021280,2023-04-10,19:00:00,17,25
2022021281,2023-04-10,21:00:00,16,30
2022021282,2023-04-10,21:30:00,20,18
2022021283,2023-04-10,22:00:00,53,55
2022021284,2023-04-10,22:30:00,26,23
2022021285,2023-04-11,19:00:00,1,7
2022021287,2023-04-11,19:00:00,4,29
2022021288,2023-04-11,19:00:00,12,17
2022021289,2023-04-11,19:00:00,14,10
2022021290,2023-04-11,19:00:00,6,15
2022021286,2023-04-11,19:30:00,5,16
2022021291,2023-04-11,20:00:00,30,52
2022021292,2023-04-11,21:30:00,21,22
2022021293,2023-04-11,22:00:00,54,55
2022021294,2023-04-11,22:00:00,24,23
2022021295,2023-04-12,19:00:00,2,8
2022021296,2023-04-12,19:30:00,19,25
2022021297,2023-04-12,22:00:00,20,28
2022021298,2023-04-13,19:00:00,8,6
2022021299,2023-04-13,19:00:00,13,12
2022021300,2023-04-13,19:00:00,14,17
2022021301,2023-04-13,19:00:00,15,1
2022021302,2023-04-13,19:00:00,7,9
2022021303,2023-04-13,19:00:00,29,5
2022021304,2023-04-13,19:00:00,3,10
2022021305,2023-04-13,20:00:00,18,30
2022021307,2023-04-13,20:00:00,25,19
2022021306,2023-04-13,20:30:00,16,4
2022021308,2023-04-13,21:00:00,22,28
2022021309,2023-04-13,21:00:00,21,52
2022021310,2023-04-13,22:00:00,24,26
2022021311,2023-04-13,22:00:00,53,23
2022021312,2023-04-13,22:30:00,55,54
2022020320,2023-04-14,20:00:00,18,21
